"","STT","Forecasted","",""
"1",317,-7.9964162291229e-05,0.0441275758018315,-0.0442875041264139
