"","STT","Forecasted","",""
"1",316,0.000271073468309132,0.0445475207355923,-0.0440053737989741
