"","STT","Forecasted","",""
"1",322,0.000124757830091624,0.0440929760278162,-0.0438434603676329
