"","STT","Forecasted","",""
"1",319,-0.000675161427246162,0.0434094767684469,-0.0447597996229393
