"","STT","Forecasted","",""
"1",323,-0.000790804383521116,0.043136196073441,-0.0447178048404832
