"","STT","Forecasted","",""
"1",326,-0.000214263342515777,0.043528152079533,-0.0439566787645646
