"","STT","Forecasted","",""
"1",324,-5.93940470439782e-05,0.0438012994292404,-0.0439200875233283
