"","STT","Forecasted","",""
"1",320,-0.00163009172876751,0.0424575900275679,-0.0457177734851029
