"","STT","Forecasted","",""
"1",327,-0.000151074570382713,0.0435243589589301,-0.0438265080996955
