"","STT","Forecasted","",""
"1",318,-0.000103496699126262,0.0440344937029916,-0.0442414871012441
