"","STT","Forecasted","",""
"1",321,0.000133929815979242,0.0441705188535799,-0.0439026592216214
