"","STT","Forecasted","",""
"1",325,-0.000681491595437357,0.0431283111009866,-0.0444912942918613
